{
  "project_info": {
    "project_number": "148742940468",
    "firebase_url": "https://fishku-mobile-default-rtdb.firebaseio.com",
    "project_id": "fishku-mobile",
    "storage_bucket": "fishku-mobile.appspot.com"
  },
  "client": [
    {
      "client_info": {
        "mobilesdk_app_id": "1:148742940468:android:c4731cc973f6efd2316761",
        "android_client_info": {
          "package_name": "id.fishku.consumer"
        }
      },
      "oauth_client": [
        {
          "client_id": "148742940468-ve9ms4iore0c0msb3ctolur66gqib1ih.apps.googleusercontent.com",
          "client_type": 1,
          "android_info": {
            "package_name": "id.fishku.consumer",
            "certificate_hash": "6ef7bab64308ef8ef66316e7c4e1db6502b5b542"
          }
        },
        {
          "client_id": "148742940468-386df74mrm6n7296u26hgjce7plv3slp.apps.googleusercontent.com",
          "client_type": 3
        }
      ],
      "api_key": [
        {
          "current_key": "AIzaSyC_qu7Zx3yCw4A69lpUOtUfN5tXZ0dS0Sw"
        }
      ],
      "services": {
        "appinvite_service": {
          "other_platform_oauth_client": [
            {
              "client_id": "148742940468-386df74mrm6n7296u26hgjce7plv3slp.apps.googleusercontent.com",
              "client_type": 3
            }
          ]
        }
      }
    }
  ],
  "configuration_version": "1"
}