{
  "project_info": {
    "project_number": "735561181417",
    "project_id": "fishku",
    "storage_bucket": "fishku.appspot.com"
  },
  "client": [
    {
      "client_info": {
        "mobilesdk_app_id": "1:735561181417:android:279739cea36f923e1be878",
        "android_client_info": {
          "package_name": "id.fishku.consumer"
        }
      },
      "oauth_client": [
        {
          "client_id": "735561181417-ugvd174lj3moqnp25tk5780gaphqkmgd.apps.googleusercontent.com",
          "client_type": 1,
          "android_info": {
            "package_name": "id.fishku.consumer",
            "certificate_hash": "a6c21c835986e8323a133e543556f7e462d756f2"
          }
        },
        {
          "client_id": "735561181417-kllcbp5oo65qikkji91j7pdit5su9uiq.apps.googleusercontent.com",
          "client_type": 3
        }
      ],
      "api_key": [
        {
          "current_key": "AIzaSyDZObE2CkRolF7PuhtLf53PUReuUaAC7Qc"
        }
      ],
      "services": {
        "appinvite_service": {
          "other_platform_oauth_client": [
            {
              "client_id": "735561181417-kllcbp5oo65qikkji91j7pdit5su9uiq.apps.googleusercontent.com",
              "client_type": 3
            }
          ]
        }
      }
    },
    {
      "client_info": {
        "mobilesdk_app_id": "1:735561181417:android:00d2231c63ea27cb1be878",
        "android_client_info": {
          "package_name": "id.fishku.consumer.core"
        }
      },
      "oauth_client": [
        {
          "client_id": "735561181417-rfl0v6dco5jtcvbilloaala06i2qhaqi.apps.googleusercontent.com",
          "client_type": 1,
          "android_info": {
            "package_name": "id.fishku.consumer.core",
            "certificate_hash": "a6c21c835986e8323a133e543556f7e462d756f2"
          }
        },
        {
          "client_id": "735561181417-kllcbp5oo65qikkji91j7pdit5su9uiq.apps.googleusercontent.com",
          "client_type": 3
        }
      ],
      "api_key": [
        {
          "current_key": "AIzaSyDZObE2CkRolF7PuhtLf53PUReuUaAC7Qc"
        }
      ],
      "services": {
        "appinvite_service": {
          "other_platform_oauth_client": [
            {
              "client_id": "735561181417-kllcbp5oo65qikkji91j7pdit5su9uiq.apps.googleusercontent.com",
              "client_type": 3
            }
          ]
        }
      }
    },
    {
      "client_info": {
        "mobilesdk_app_id": "1:735561181417:android:5531fb862715e6c01be878",
        "android_client_info": {
          "package_name": "id.fishku.fisherseller"
        }
      },
      "oauth_client": [
        {
          "client_id": "735561181417-59p2fn8aqft3vgdmmb295ovjkuq7svad.apps.googleusercontent.com",
          "client_type": 1,
          "android_info": {
            "package_name": "id.fishku.fisherseller",
            "certificate_hash": "a6c21c835986e8323a133e543556f7e462d756f2"
          }
        },
        {
          "client_id": "735561181417-kllcbp5oo65qikkji91j7pdit5su9uiq.apps.googleusercontent.com",
          "client_type": 3
        }
      ],
      "api_key": [
        {
          "current_key": "AIzaSyDZObE2CkRolF7PuhtLf53PUReuUaAC7Qc"
        }
      ],
      "services": {
        "appinvite_service": {
          "other_platform_oauth_client": [
            {
              "client_id": "735561181417-kllcbp5oo65qikkji91j7pdit5su9uiq.apps.googleusercontent.com",
              "client_type": 3
            }
          ]
        }
      }
    },
    {
      "client_info": {
        "mobilesdk_app_id": "1:735561181417:android:b20289ee5adcc54e1be878",
        "android_client_info": {
          "package_name": "id.fishku.fisherseller.debug"
        }
      },
      "oauth_client": [
        {
          "client_id": "735561181417-kllcbp5oo65qikkji91j7pdit5su9uiq.apps.googleusercontent.com",
          "client_type": 3
        }
      ],
      "api_key": [
        {
          "current_key": "AIzaSyDZObE2CkRolF7PuhtLf53PUReuUaAC7Qc"
        }
      ],
      "services": {
        "appinvite_service": {
          "other_platform_oauth_client": [
            {
              "client_id": "735561181417-kllcbp5oo65qikkji91j7pdit5su9uiq.apps.googleusercontent.com",
              "client_type": 3
            }
          ]
        }
      }
    },
    {
      "client_info": {
        "mobilesdk_app_id": "1:735561181417:android:aeeb412f7972840a1be878",
        "android_client_info": {
          "package_name": "id.fishku.fisherseller.notification"
        }
      },
      "oauth_client": [
        {
          "client_id": "735561181417-kllcbp5oo65qikkji91j7pdit5su9uiq.apps.googleusercontent.com",
          "client_type": 3
        }
      ],
      "api_key": [
        {
          "current_key": "AIzaSyDZObE2CkRolF7PuhtLf53PUReuUaAC7Qc"
        }
      ],
      "services": {
        "appinvite_service": {
          "other_platform_oauth_client": [
            {
              "client_id": "735561181417-kllcbp5oo65qikkji91j7pdit5su9uiq.apps.googleusercontent.com",
              "client_type": 3
            }
          ]
        }
      }
    },
    {
      "client_info": {
        "mobilesdk_app_id": "1:735561181417:android:fb5e73ad8e5183991be878",
        "android_client_info": {
          "package_name": "id.fishku.fisherseller.seller"
        }
      },
      "oauth_client": [
        {
          "client_id": "735561181417-21g9ut0nmhstpi6ictoirbmrtcq7i6l9.apps.googleusercontent.com",
          "client_type": 1,
          "android_info": {
            "package_name": "id.fishku.fisherseller.seller",
            "certificate_hash": "a6c21c835986e8323a133e543556f7e462d756f2"
          }
        },
        {
          "client_id": "735561181417-kllcbp5oo65qikkji91j7pdit5su9uiq.apps.googleusercontent.com",
          "client_type": 3
        }
      ],
      "api_key": [
        {
          "current_key": "AIzaSyDZObE2CkRolF7PuhtLf53PUReuUaAC7Qc"
        }
      ],
      "services": {
        "appinvite_service": {
          "other_platform_oauth_client": [
            {
              "client_id": "735561181417-kllcbp5oo65qikkji91j7pdit5su9uiq.apps.googleusercontent.com",
              "client_type": 3
            }
          ]
        }
      }
    }
  ],
  "configuration_version": "1"
}