[
  {
    "kabko": "KAB. ACEH BARAT",
    "lat": 4.4543,
    "long": 96.1527
  },
  {
    "kabko": "KAB. ACEH BARAT DAYA",
    "lat": 3.7963,
    "long": 97.0068
  },
  {
    "kabko": "KAB. ACEH BESAR",
    "lat": 5.4529,
    "long": 95.4778
  },
  {
    "kabko": "KAB. ACEH JAYA",
    "lat": 4.7874,
    "long": 95.6458
  },
  {
    "kabko": "KAB. ACEH SELATAN",
    "lat": 3.3115,
    "long": 97.3517
  },
  {
    "kabko": "KAB. ACEH SINGKIL",
    "lat": 2.3589,
    "long": 97.8722
  },
  {
    "kabko": "KAB. ACEH TAMIANG",
    "lat": 4.2329,
    "long": 98.0029
  },
  {
    "kabko": "KAB. ACEH TENGAH",
    "lat": 4.4483,
    "long": 96.8351
  },
  {
    "kabko": "KAB. ACEH TENGGARA",
    "lat": 3.3089,
    "long": 97.6982
  },
  {
    "kabko": "KAB. ACEH TIMUR",
    "lat": 4.5224,
    "long": 97.6114
  },
  {
    "kabko": "KAB. ACEH UTARA",
    "lat": 4.9786,
    "long": 97.2221
  },
  {
    "kabko": "KAB. BENER MERIAH",
    "lat": 4.7514,
    "long": 96.9525
  },
  {
    "kabko": "KAB. BIREUEN",
    "lat": 5.1086,
    "long": 96.6638
  },
  {
    "kabko": "KAB. GAYO LUES",
    "lat": 3.9552,
    "long": 97.3517
  },
  {
    "kabko": "KAB. NAGAN RAYA",
    "lat": 4.1248,
    "long": 96.493
  },
  {
    "kabko": "KAB. PIDIE",
    "lat": 5.0743,
    "long": 95.941
  },
  {
    "kabko": "KAB. PIDIE JAYA",
    "lat": 5.1548,
    "long": 96.1951
  },
  {
    "kabko": "KAB. SIMEULUE",
    "lat": 2.644,
    "long": 96.0256
  },
  {
    "kabko": "KOTA BANDA ACEH",
    "lat": 5.5483,
    "long": 95.3238
  },
  {
    "kabko": "KOTA LANGSA",
    "lat": 4.4725,
    "long": 97.9756
  },
  {
    "kabko": "KOTA LHOKSEUMAWE",
    "lat": 5.1812,
    "long": 97.1413
  },
  {
    "kabko": "KOTA SABANG",
    "lat": 5.8926,
    "long": 95.3238
  },
  {
    "kabko": "KOTA SUBULUSSALAM",
    "lat": 2.7121,
    "long": 97.9157
  },
  {
    "kabko": "KAB. ASAHAN",
    "lat": 2.8175,
    "long": 99.6341
  },
  {
    "kabko": "KAB. BATUBARA",
    "lat": 3.1741,
    "long": 99.5006
  },
  {
    "kabko": "KAB. DAIRI",
    "lat": 2.8676,
    "long": 98.2651
  },
  {
    "kabko": "KAB. DELI SERDANG",
    "lat": 3.4202,
    "long": 98.7041
  },
  {
    "kabko": "KAB. HUMBANG HASUNDUTAN",
    "lat": 2.1989,
    "long": 98.5721
  },
  {
    "kabko": "KAB. KARO",
    "lat": 3.1053,
    "long": 98.2651
  },
  {
    "kabko": "KAB. LABUHANBATU",
    "lat": 2.344,
    "long": 100.1703
  },
  {
    "kabko": "KAB. LABUHANBATU SELATAN",
    "lat": 1.8799,
    "long": 100.1703
  },
  {
    "kabko": "KAB. LABUHANBATU UTARA",
    "lat": 2.3466,
    "long": 99.8125
  },
  {
    "kabko": "KAB. LANGKAT",
    "lat": 3.8654,
    "long": 98.3088
  },
  {
    "kabko": "KAB. MANDAILING NATAL",
    "lat": 0.7432,
    "long": 99.3673
  },
  {
    "kabko": "KAB. NIAS",
    "lat": 1.0869,
    "long": 97.7417
  },
  {
    "kabko": "KAB. NIAS BARAT",
    "lat": 1.0116,
    "long": 97.4814
  },
  {
    "kabko": "KAB. NIAS SELATAN",
    "lat": 0.7086,
    "long": 97.8286
  },
  {
    "kabko": "KAB. NIAS UTARA",
    "lat": 1.3166,
    "long": 97.3949
  },
  {
    "kabko": "KAB. PADANG LAWAS",
    "lat": 1.1187,
    "long": 99.8125
  },
  {
    "kabko": "KAB. PADANG LAWAS UTARA",
    "lat": 1.5759,
    "long": 99.6341
  },
  {
    "kabko": "KAB. PAKPAK BHARAT",
    "lat": 2.5135,
    "long": 98.2213
  },
  {
    "kabko": "KAB. SAMOSIR",
    "lat": 2.6274,
    "long": 98.7922
  },
  {
    "kabko": "KAB. SERDANG BEDAGAI",
    "lat": 3.3372,
    "long": 99.0571
  },
  {
    "kabko": "KAB. SIMALUNGUN",
    "lat": 2.9782,
    "long": 99.2786
  },
  {
    "kabko": "KAB. TAPANULI SELATAN",
    "lat": 1.5775,
    "long": 99.2786
  },
  {
    "kabko": "KAB. TAPANULI TENGAH",
    "lat": 1.8493,
    "long": 98.7041
  },
  {
    "kabko": "KAB. TAPANULI UTARA",
    "lat": 2.0405,
    "long": 99.1013
  },
  {
    "kabko": "KAB. TOBA SAMOSIR",
    "lat": 2.3502,
    "long": 99.2786
  },
  {
    "kabko": "KOTA BINJAI",
    "lat": 3.6135,
    "long": 98.5025
  },
  {
    "kabko": "KOTA GUNUNGSITOLI",
    "lat": 1.2805,
    "long": 97.6147
  },
  {
    "kabko": "KOTA MEDAN",
    "lat": 3.5952,
    "long": 98.6722
  },
  {
    "kabko": "KOTA PADANGSIDEMPUAN",
    "lat": 1.3722,
    "long": 99.273
  },
  {
    "kabko": "KOTA PEMATANGSIANTAR",
    "lat": 2.97,
    "long": 99.0682
  },
  {
    "kabko": "KOTA SIBOLGA",
    "lat": 1.7368,
    "long": 98.7851
  },
  {
    "kabko": "KOTA TANJUNGBALAI",
    "lat": 2.9662,
    "long": 99.7985
  },
  {
    "kabko": "KOTA TEBING TINGGI",
    "lat": 3.3263,
    "long": 99.1567
  },
  {
    "kabko": "KAB. AGAM",
    "lat": -0.2209,
    "long": 100.1703
  },
  {
    "kabko": "KAB. DHARMASRAYA",
    "lat": -1.1121,
    "long": 101.6158
  },
  {
    "kabko": "KAB. KEPULAUAN MENTAWAI",
    "lat": -1.426,
    "long": 98.9245
  },
  {
    "kabko": "KAB. LIMA PULUH KOTA",
    "lat": 0.0734,
    "long": 100.5296
  },
  {
    "kabko": "KAB. PADANG PARIAMAN",
    "lat": -0.5547,
    "long": 100.2152
  },
  {
    "kabko": "KAB. PASAMAN",
    "lat": 0.2209,
    "long": 100.1703
  },
  {
    "kabko": "KAB. PASAMAN BARAT",
    "lat": 0.2213,
    "long": 99.6341
  },
  {
    "kabko": "KAB. PESISIR SELATAN",
    "lat": -1.7223,
    "long": 100.8903
  },
  {
    "kabko": "KAB. SIJUNJUNG",
    "lat": -0.6647,
    "long": 101.0712
  },
  {
    "kabko": "KAB. SOLOK",
    "lat": -0.9644,
    "long": 100.8903
  },
  {
    "kabko": "KAB. SOLOK SELATAN",
    "lat": -1.4157,
    "long": 101.2524
  },
  {
    "kabko": "KAB. TANAH DATAR",
    "lat": -0.4797,
    "long": 100.5746
  },
  {
    "kabko": "KOTA BUKITTINGGI",
    "lat": -0.3039,
    "long": 100.3835
  },
  {
    "kabko": "KOTA PADANG",
    "lat": -0.9471,
    "long": 100.4172
  },
  {
    "kabko": "KOTA PADANGPANJANG",
    "lat": -0.4661,
    "long": 100.3984
  },
  {
    "kabko": "KOTA PARIAMAN",
    "lat": -0.6257,
    "long": 100.1233
  },
  {
    "kabko": "KOTA PAYAKUMBUH",
    "lat": -0.2298,
    "long": 100.6309
  },
  {
    "kabko": "KOTA SAWAHLUNTO",
    "lat": -0.6841,
    "long": 100.7323
  },
  {
    "kabko": "KOTA SOLOK",
    "lat": -0.7885,
    "long": 100.655
  },
  {
    "kabko": "KAB. BENGKALIS",
    "lat": 1.4139,
    "long": 101.6158
  },
  {
    "kabko": "KAB. INDRAGIRI HILIR",
    "lat": -0.1457,
    "long": 102.9896
  },
  {
    "kabko": "KAB. INDRAGIRI HULU",
    "lat": -0.7361,
    "long": 102.2548
  },
  {
    "kabko": "KAB. KAMPAR",
    "lat": 0.1467,
    "long": 101.1617
  },
  {
    "kabko": "KAB. KEPULAUAN MERANTI",
    "lat": 0.9209,
    "long": 102.6676
  },
  {
    "kabko": "KAB. KUANTAN SINGINGI",
    "lat": -0.4412,
    "long": 101.5248
  },
  {
    "kabko": "KAB. PELALAWAN",
    "lat": 0.1461,
    "long": 102.2548
  },
  {
    "kabko": "KAB. ROKAN HILIR",
    "lat": 1.6464,
    "long": 100.8
  },
  {
    "kabko": "KAB. ROKAN HULU",
    "lat": 1.0411,
    "long": 100.4397
  },
  {
    "kabko": "KAB. SIAK",
    "lat": 0.8119,
    "long": 101.798
  },
  {
    "kabko": "KOTA DUMAI",
    "lat": 1.6666,
    "long": 101.4002
  },
  {
    "kabko": "KOTA PEKANBARU",
    "lat": 0.5071,
    "long": 101.4478
  },
  {
    "kabko": "KAB. BINTAN",
    "lat": 1.0619,
    "long": 104.5189
  },
  {
    "kabko": "KAB. KARIMUN",
    "lat": 0.7698,
    "long": 103.4049
  },
  {
    "kabko": "KAB. KEPULAUAN ANAMBAS",
    "lat": 3.1055,
    "long": 105.6537
  },
  {
    "kabko": "KAB. LINGGA",
    "lat": -0.4726,
    "long": 104.4258
  },
  {
    "kabko": "KAB. NATUNA",
    "lat": 4,
    "long": 108.25
  },
  {
    "kabko": "KOTA BATAM",
    "lat": 1.1301,
    "long": 104.0529
  },
  {
    "kabko": "KOTA TANJUNG PINANG",
    "lat": 0.9186,
    "long": 104.4665
  },
  {
    "kabko": "PULAU TAMBELAN KAB. BINTAN",
    "lat": 1.1216,
    "long": 107.3259
  },
  {
    "kabko": "PEKAJANG KAB. LINGGA",
    "lat": -0.0752,
    "long": 104.6305
  },
  {
    "kabko": "PULAU SERASAN KAB. NATUNA",
    "lat": 2.5179,
    "long": 109.0513
  },
  {
    "kabko": "PULAU MIDAI KAB. NATUNA",
    "lat": 2.9979,
    "long": 107.7755
  },
  {
    "kabko": "PULAU LAUT KAB. NATUNA",
    "lat": 4.7103,
    "long": 107.971
  },
  {
    "kabko": "KAB. BATANGHARI",
    "lat": -1.7084,
    "long": 103.0818
  },
  {
    "kabko": "KAB. BUNGO",
    "lat": -1.6401,
    "long": 101.8892
  },
  {
    "kabko": "KAB. KERINCI",
    "lat": -1.872,
    "long": 101.4339
  },
  {
    "kabko": "KAB. MERANGIN",
    "lat": -2.1753,
    "long": 101.9805
  },
  {
    "kabko": "KAB. MUARO JAMBI",
    "lat": -1.5521,
    "long": 103.8216
  },
  {
    "kabko": "KAB. SAROLANGUN",
    "lat": -2.323,
    "long": 102.7135
  },
  {
    "kabko": "KAB. TANJUNG JABUNG BARAT",
    "lat": -1.1058,
    "long": 103.0818
  },
  {
    "kabko": "KAB. TANJUNG JABUNG TIMUR",
    "lat": -1.1024,
    "long": 103.8216
  },
  {
    "kabko": "KAB. TEBO",
    "lat": -1.2593,
    "long": 102.3464
  },
  {
    "kabko": "KOTA JAMBI",
    "lat": -1.6101,
    "long": 103.6131
  },
  {
    "kabko": "KOTA SUNGAI PENUH",
    "lat": -2.0634,
    "long": 101.3947
  },
  {
    "kabko": "KAB. BENGKULU SELATAN",
    "lat": -4.3248,
    "long": 103.0357
  },
  {
    "kabko": "KAB. BENGKULU TENGAH",
    "lat": -3.6962,
    "long": 102.3922
  },
  {
    "kabko": "KAB. BENGKULU UTARA",
    "lat": -3.2663,
    "long": 101.9805
  },
  {
    "kabko": "KAB. KAUR",
    "lat": -4.5216,
    "long": 103.2663
  },
  {
    "kabko": "KAB. KEPAHIANG",
    "lat": -3.613,
    "long": 102.6676
  },
  {
    "kabko": "KAB. LEBONG",
    "lat": -3.1455,
    "long": 102.209
  },
  {
    "kabko": "KAB. MUKOMUKO",
    "lat": -2.6449,
    "long": 101.4339
  },
  {
    "kabko": "KAB. REJANG LEBONG",
    "lat": -3.4548,
    "long": 102.6676
  },
  {
    "kabko": "KAB. SELUMA",
    "lat": -4.0499,
    "long": 102.7135
  },
  {
    "kabko": "KOTA BENGKULU",
    "lat": -3.7928,
    "long": 102.2608
  },
  {
    "kabko": "KAB. BANYUASIN",
    "lat": -2.6096,
    "long": 104.7521
  },
  {
    "kabko": "KAB. EMPAT LAWANG",
    "lat": -3.7286,
    "long": 102.8975
  },
  {
    "kabko": "KAB. LAHAT",
    "lat": -3.8009,
    "long": 103.3587
  },
  {
    "kabko": "KAB. MUARA ENIM",
    "lat": -3.7114,
    "long": 104.0072
  },
  {
    "kabko": "KAB. MUSI BANYUASIN",
    "lat": -2.5442,
    "long": 103.7289
  },
  {
    "kabko": "KAB. MUSI RAWAS",
    "lat": -3.0957,
    "long": 103.0818
  },
  {
    "kabko": "KAB. MUSI RAWAS UTARA",
    "lat": -2.7878,
    "long": 102.7135
  },
  {
    "kabko": "KAB. OGAN ILIR",
    "lat": -3.4265,
    "long": 104.6121
  },
  {
    "kabko": "KAB. OGAN KOMERING ILIR",
    "lat": -3.456,
    "long": 105.2195
  },
  {
    "kabko": "KAB. OGAN KOMERING ULU",
    "lat": -4.0283,
    "long": 104.0072
  },
  {
    "kabko": "KAB. OGAN KOMERING ULU SELATAN",
    "lat": -4.6682,
    "long": 104.0072
  },
  {
    "kabko": "KAB. OGAN KOMERING ULU TIMUR",
    "lat": -3.8568,
    "long": 104.7521
  },
  {
    "kabko": "KAB. PENUKAL ABAB LEMATANG ILIR",
    "lat": -3.2398,
    "long": 104.0072
  },
  {
    "kabko": "KOTA LUBUKLINGGAU",
    "lat": -3.2996,
    "long": 102.8572
  },
  {
    "kabko": "KOTA PAGAR ALAM",
    "lat": -4.042,
    "long": 103.2279
  },
  {
    "kabko": "KOTA PALEMBANG",
    "lat": -2.9761,
    "long": 104.7754
  },
  {
    "kabko": "KOTA PRABUMULIH",
    "lat": -3.4214,
    "long": 104.2437
  },
  {
    "kabko": "KAB. BANGKA",
    "lat": -1.8743,
    "long": 105.923
  },
  {
    "kabko": "KAB. BANGKA BARAT",
    "lat": -1.8405,
    "long": 105.5005
  },
  {
    "kabko": "KAB. BANGKA SELATAN",
    "lat": -2.7411,
    "long": 106.4406
  },
  {
    "kabko": "KAB. BANGKA TENGAH",
    "lat": -2.4008,
    "long": 106.2051
  },
  {
    "kabko": "KAB. BELITUNG",
    "lat": -2.7217,
    "long": 107.7636
  },
  {
    "kabko": "KAB. BELITUNG TIMUR",
    "lat": -2.8678,
    "long": 108.1429
  },
  {
    "kabko": "KOTA PANGKAL PINANG",
    "lat": -2.1316,
    "long": 106.1169
  },
  {
    "kabko": "KAB. LAMPUNG TENGAH",
    "lat": -4.8008,
    "long": 105.3131
  },
  {
    "kabko": "KAB. LAMPUNG UTARA",
    "lat": -4.8134,
    "long": 104.7521
  },
  {
    "kabko": "KAB. LAMPUNG SELATAN",
    "lat": -5.5623,
    "long": 105.5474
  },
  {
    "kabko": "KAB. LAMPUNG BARAT",
    "lat": -5.1095,
    "long": 104.1466
  },
  {
    "kabko": "KAB. LAMPUNG TIMUR",
    "lat": -5.1135,
    "long": 105.6882
  },
  {
    "kabko": "KAB. MESUJI",
    "lat": -4.0045,
    "long": 105.3131
  },
  {
    "kabko": "KAB. PESAWARAN",
    "lat": -5.4932,
    "long": 105.0791
  },
  {
    "kabko": "KAB. PESISIR BARAT",
    "lat": -5.2928,
    "long": 104.1234
  },
  {
    "kabko": "KAB. PRINGSEWU",
    "lat": -5.3331,
    "long": 104.9856
  },
  {
    "kabko": "KAB. TULANG BAWANG",
    "lat": -4.3177,
    "long": 105.5005
  },
  {
    "kabko": "KAB. TULANG BAWANG BARAT",
    "lat": -4.5257,
    "long": 105.0791
  },
  {
    "kabko": "KAB. TANGGAMUS",
    "lat": -5.3027,
    "long": 104.5655
  },
  {
    "kabko": "KAB. WAY KANAN",
    "lat": -4.4964,
    "long": 104.5655
  },
  {
    "kabko": "KOTA BANDAR LAMPUNG",
    "lat": -5.3971,
    "long": 105.2668
  },
  {
    "kabko": "KOTA METRO",
    "lat": -5.1178,
    "long": 105.3073
  },
  {
    "kabko": "KAB. LEBAK",
    "lat": -6.5644,
    "long": 106.2522
  },
  {
    "kabko": "KAB. PANDEGLANG",
    "lat": -6.7483,
    "long": 105.6882
  },
  {
    "kabko": "KAB. SERANG",
    "lat": -6.1397,
    "long": 106.0405
  },
  {
    "kabko": "KAB. TANGERANG",
    "lat": -6.1872,
    "long": 106.4877
  },
  {
    "kabko": "KOTA CILEGON",
    "lat": -6.0025,
    "long": 106.0111
  },
  {
    "kabko": "KOTA SERANG",
    "lat": -6.1104,
    "long": 106.164
  },
  {
    "kabko": "KOTA TANGERANG",
    "lat": -6.2024,
    "long": 106.6527
  },
  {
    "kabko": "KOTA TANGERANG SELATAN",
    "lat": -6.2835,
    "long": 106.7113
  },
  {
    "kabko": "KAB. BANDUNG",
    "lat": -7.1341,
    "long": 107.6215
  },
  {
    "kabko": "KAB. BANDUNG BARAT",
    "lat": -6.8652,
    "long": 107.492
  },
  {
    "kabko": "KAB. BEKASI",
    "lat": -6.2474,
    "long": 107.1485
  },
  {
    "kabko": "KAB. BOGOR",
    "lat": -6.5518,
    "long": 106.6291
  },
  {
    "kabko": "KAB. CIAMIS",
    "lat": -7.3321,
    "long": 108.3493
  },
  {
    "kabko": "KAB. CIANJUR",
    "lat": -7.358,
    "long": 107.1957
  },
  {
    "kabko": "KAB. CIREBON",
    "lat": -6.6899,
    "long": 108.4751
  },
  {
    "kabko": "KAB. GARUT",
    "lat": -7.5012,
    "long": 107.7636
  },
  {
    "kabko": "KAB. INDRAMAYU",
    "lat": -6.3373,
    "long": 108.3258
  },
  {
    "kabko": "KAB. KARAWANG",
    "lat": -6.3227,
    "long": 107.3376
  },
  {
    "kabko": "KAB. KUNINGAN",
    "lat": -7.0138,
    "long": 108.5701
  },
  {
    "kabko": "KAB. MAJALENGKA",
    "lat": -6.7791,
    "long": 108.2852
  },
  {
    "kabko": "KAB. PANGANDARAN",
    "lat": -7.6151,
    "long": 108.4988
  },
  {
    "kabko": "KAB. PURWAKARTA",
    "lat": -6.5649,
    "long": 107.4322
  },
  {
    "kabko": "KAB. SUBANG",
    "lat": -6.3488,
    "long": 107.7636
  },
  {
    "kabko": "KAB. SUKABUMI",
    "lat": -6.8649,
    "long": 106.9536
  },
  {
    "kabko": "KAB. SUMEDANG",
    "lat": -6.8329,
    "long": 107.9532
  },
  {
    "kabko": "KAB. TASIKMALAYA",
    "lat": -7.6513,
    "long": 108.1429
  },
  {
    "kabko": "KOTA BANDUNG",
    "lat": -6.9175,
    "long": 107.6191
  },
  {
    "kabko": "KOTA BANJAR",
    "lat": -7.3707,
    "long": 108.5342
  },
  {
    "kabko": "KOTA BEKASI",
    "lat": -6.2383,
    "long": 106.9756
  },
  {
    "kabko": "KOTA BOGOR",
    "lat": -6.5971,
    "long": 106.806
  },
  {
    "kabko": "KOTA CIMAHI",
    "lat": -6.8841,
    "long": 107.5413
  },
  {
    "kabko": "KOTA CIREBON",
    "lat": -6.732,
    "long": 108.5523
  },
  {
    "kabko": "KOTA DEPOK",
    "lat": -6.4025,
    "long": 106.7942
  },
  {
    "kabko": "KOTA SUKABUMI",
    "lat": -6.9277,
    "long": 106.93
  },
  {
    "kabko": "KOTA TASIKMALAYA",
    "lat": -7.3506,
    "long": 108.2172
  },
  {
    "kabko": "KOTA JAKARTA",
    "lat": -6.1751,
    "long": 106.865
  },
  {
    "kabko": "KAB. ADMINISTRASI KEPULAUAN SERIBU",
    "lat": -5.6122,
    "long": 106.617
  },
  {
    "kabko": "KAB. BANJARNEGARA",
    "lat": -7.3794,
    "long": 109.6163
  },
  {
    "kabko": "KAB. BANYUMAS",
    "lat": -7.4832,
    "long": 109.1404
  },
  {
    "kabko": "KAB. BATANG",
    "lat": -7.0392,
    "long": 109.9021
  },
  {
    "kabko": "KAB. BLORA",
    "lat": -7.0122,
    "long": 111.3799
  },
  {
    "kabko": "KAB. BOYOLALI",
    "lat": -7.4318,
    "long": 110.6884
  },
  {
    "kabko": "KAB. BREBES",
    "lat": -6.9592,
    "long": 108.9027
  },
  {
    "kabko": "KAB. CILACAP",
    "lat": -7.6178,
    "long": 108.9027
  },
  {
    "kabko": "KAB. DEMAK",
    "lat": -6.9239,
    "long": 110.6646
  },
  {
    "kabko": "KAB. GROBOGAN",
    "lat": -7.1542,
    "long": 110.9507
  },
  {
    "kabko": "KAB. JEPARA",
    "lat": -6.5827,
    "long": 110.6787
  },
  {
    "kabko": "KAB. KARANGANYAR",
    "lat": -7.6387,
    "long": 111.046
  },
  {
    "kabko": "KAB. KEBUMEN",
    "lat": -7.6681,
    "long": 109.6525
  },
  {
    "kabko": "KAB. KENDAL",
    "lat": -7.0265,
    "long": 110.1879
  },
  {
    "kabko": "KAB. KLATEN",
    "lat": -7.6579,
    "long": 110.6646
  },
  {
    "kabko": "KAB. KUDUS",
    "lat": -6.7726,
    "long": 110.8791
  },
  {
    "kabko": "KAB. MAGELANG",
    "lat": -7.4305,
    "long": 110.2832
  },
  {
    "kabko": "KAB. PATI",
    "lat": -6.745,
    "long": 111.046
  },
  {
    "kabko": "KAB. PEKALONGAN",
    "lat": -7.0517,
    "long": 109.6163
  },
  {
    "kabko": "KAB. PEMALANG",
    "lat": -7.0599,
    "long": 109.4259
  },
  {
    "kabko": "KAB. PURBALINGGA",
    "lat": -7.3059,
    "long": 109.4259
  },
  {
    "kabko": "KAB. PURWOREJO",
    "lat": -7.6965,
    "long": 109.9989
  },
  {
    "kabko": "KAB. REMBANG",
    "lat": -6.8082,
    "long": 111.4276
  },
  {
    "kabko": "KAB. SEMARANG",
    "lat": -7.1765,
    "long": 110.4739
  },
  {
    "kabko": "KAB. SRAGEN",
    "lat": -7.4303,
    "long": 111.0092
  },
  {
    "kabko": "KAB. SUKOHARJO",
    "lat": -7.6484,
    "long": 110.8553
  },
  {
    "kabko": "KAB. TEGAL",
    "lat": -6.8588,
    "long": 109.1048
  },
  {
    "kabko": "KAB. TEMANGGUNG",
    "lat": -7.2749,
    "long": 110.0892
  },
  {
    "kabko": "KAB. WONOGIRI",
    "lat": -7.8846,
    "long": 111.046
  },
  {
    "kabko": "KAB. WONOSOBO",
    "lat": -7.3632,
    "long": 109.9002
  },
  {
    "kabko": "KOTA MAGELANG",
    "lat": -7.4797,
    "long": 110.2177
  },
  {
    "kabko": "KOTA PEKALONGAN",
    "lat": -6.8898,
    "long": 109.6746
  },
  {
    "kabko": "KOTA SALATIGA",
    "lat": -7.3305,
    "long": 110.5084
  },
  {
    "kabko": "KOTA SEMARANG",
    "lat": -7.0051,
    "long": 110.4381
  },
  {
    "kabko": "KOTA SURAKARTA",
    "lat": -7.5755,
    "long": 110.8243
  },
  {
    "kabko": "KOTA TEGAL",
    "lat": -6.8797,
    "long": 109.1256
  },
  {
    "kabko": "KAB. BANTUL",
    "lat": -7.919,
    "long": 110.3785
  },
  {
    "kabko": "KAB. GUNUNGKIDUL",
    "lat": -8.0305,
    "long": 110.6169
  },
  {
    "kabko": "KAB. KULON PROGO",
    "lat": -7.8267,
    "long": 110.1641
  },
  {
    "kabko": "KAB. SLEMAN",
    "lat": -7.7325,
    "long": 110.4024
  },
  {
    "kabko": "KOTA YOGYAKARTA",
    "lat": -7.7956,
    "long": 110.3695
  },
  {
    "kabko": "KAB. BANGKALAN",
    "lat": -7.0384,
    "long": 112.9137
  },
  {
    "kabko": "KAB. BANYUWANGI",
    "lat": -8.2191,
    "long": 114.3691
  },
  {
    "kabko": "KAB. BLITAR",
    "lat": -8.0955,
    "long": 112.1609
  },
  {
    "kabko": "KAB. BOJONEGORO",
    "lat": -7.3175,
    "long": 111.7615
  },
  {
    "kabko": "KAB. BONDOWOSO",
    "lat": -7.9674,
    "long": 113.9061
  },
  {
    "kabko": "KAB. GRESIK",
    "lat": -7.155,
    "long": 112.5722
  },
  {
    "kabko": "KAB. JEMBER",
    "lat": -8.1845,
    "long": 113.6681
  },
  {
    "kabko": "KAB. JOMBANG",
    "lat": -7.5741,
    "long": 112.2861
  },
  {
    "kabko": "KAB. KEDIRI",
    "lat": -7.8232,
    "long": 112.1907
  },
  {
    "kabko": "KAB. LAMONGAN",
    "lat": -7.1269,
    "long": 112.3338
  },
  {
    "kabko": "KAB. LUMAJANG",
    "lat": -8.0944,
    "long": 113.1442
  },
  {
    "kabko": "KAB. MADIUN",
    "lat": -7.6093,
    "long": 111.6184
  },
  {
    "kabko": "KAB. MAGETAN",
    "lat": -7.6433,
    "long": 111.356
  },
  {
    "kabko": "KAB. MALANG",
    "lat": -8.2422,
    "long": 112.7152
  },
  {
    "kabko": "KAB. MOJOKERTO",
    "lat": -7.4699,
    "long": 112.4351
  },
  {
    "kabko": "KAB. NGANJUK",
    "lat": -7.5944,
    "long": 111.9046
  },
  {
    "kabko": "KAB. NGAWI",
    "lat": -7.461,
    "long": 111.3322
  },
  {
    "kabko": "KAB. PACITAN",
    "lat": -8.1263,
    "long": 111.1414
  },
  {
    "kabko": "KAB. PAMEKASAN",
    "lat": -7.1051,
    "long": 113.5252
  },
  {
    "kabko": "KAB. PASURUAN",
    "lat": -7.786,
    "long": 112.8582
  },
  {
    "kabko": "KAB. PONOROGO",
    "lat": -7.8651,
    "long": 111.4696
  },
  {
    "kabko": "KAB. PROBOLINGGO",
    "lat": -7.8718,
    "long": 113.4776
  },
  {
    "kabko": "KAB. SAMPANG",
    "lat": -7.0402,
    "long": 113.2394
  },
  {
    "kabko": "KAB. SIDOARJO",
    "lat": -7.4726,
    "long": 112.6675
  },
  {
    "kabko": "KAB. SITUBONDO",
    "lat": -7.7889,
    "long": 114.1915
  },
  {
    "kabko": "KAB. SUMENEP",
    "lat": -6.9254,
    "long": 113.9061
  },
  {
    "kabko": "KAB. TRENGGALEK",
    "lat": -8.1824,
    "long": 111.6184
  },
  {
    "kabko": "KAB. TUBAN",
    "lat": -6.8955,
    "long": 112.0298
  },
  {
    "kabko": "KAB. TULUNGAGUNG",
    "lat": -8.0912,
    "long": 111.9642
  },
  {
    "kabko": "KOTA BATU",
    "lat": -7.8831,
    "long": 112.5334
  },
  {
    "kabko": "KOTA BLITAR",
    "lat": -8.0955,
    "long": 112.1609
  },
  {
    "kabko": "KOTA KEDIRI",
    "lat": -7.848,
    "long": 112.0178
  },
  {
    "kabko": "KOTA MADIUN",
    "lat": -7.6311,
    "long": 111.53
  },
  {
    "kabko": "KOTA MALANG",
    "lat": -7.9666,
    "long": 112.6326
  },
  {
    "kabko": "KOTA MOJOKERTO",
    "lat": -7.4705,
    "long": 112.4401
  },
  {
    "kabko": "KOTA PASURUAN",
    "lat": -7.6469,
    "long": 112.8999
  },
  {
    "kabko": "KOTA PROBOLINGGO",
    "lat": -7.7764,
    "long": 113.2037
  },
  {
    "kabko": "KOTA SURABAYA",
    "lat": -7.2575,
    "long": 112.7521
  },
  {
    "kabko": "KAB. BADUNG",
    "lat": -8.5819,
    "long": 115.1771
  },
  {
    "kabko": "KAB. BANGLI",
    "lat": -8.2976,
    "long": 115.3549
  },
  {
    "kabko": "KAB. BULELENG",
    "lat": -8.2239,
    "long": 114.9517
  },
  {
    "kabko": "KAB. GIANYAR",
    "lat": -8.4248,
    "long": 115.2601
  },
  {
    "kabko": "KAB. JEMBRANA",
    "lat": -8.3233,
    "long": 114.6668
  },
  {
    "kabko": "KAB. KARANGASEM",
    "lat": -8.3466,
    "long": 115.5207
  },
  {
    "kabko": "KAB. KLUNGKUNG",
    "lat": -8.7278,
    "long": 115.5444
  },
  {
    "kabko": "KAB. TABANAN",
    "lat": -8.4596,
    "long": 115.0466
  },
  {
    "kabko": "KOTA DENPASAR",
    "lat": -8.6705,
    "long": 115.2126
  },
  {
    "kabko": "KAB. BIMA",
    "lat": -8.4354,
    "long": 118.6265
  },
  {
    "kabko": "KAB. DOMPU",
    "lat": -8.5364,
    "long": 118.3462
  },
  {
    "kabko": "KAB. LOMBOK BARAT",
    "lat": -8.6465,
    "long": 116.1123
  },
  {
    "kabko": "KAB. LOMBOK TENGAH",
    "lat": -8.6946,
    "long": 116.2777
  },
  {
    "kabko": "KAB. LOMBOK TIMUR",
    "lat": -8.5134,
    "long": 116.561
  },
  {
    "kabko": "KAB. LOMBOK UTARA",
    "lat": -8.3739,
    "long": 116.2777
  },
  {
    "kabko": "KAB. SUMBAWA",
    "lat": -8.6529,
    "long": 117.3616
  },
  {
    "kabko": "KAB. SUMBAWA BARAT",
    "lat": -8.9293,
    "long": 116.891
  },
  {
    "kabko": "KOTA BIMA",
    "lat": -8.4643,
    "long": 118.7449
  },
  {
    "kabko": "KOTA MATARAM",
    "lat": -8.577,
    "long": 116.1005
  },
  {
    "kabko": "KAB. ALOR",
    "lat": -8.2928,
    "long": 124.5528
  },
  {
    "kabko": "KAB. BELU",
    "lat": -9.1539,
    "long": 124.9066
  },
  {
    "kabko": "KAB. ENDE",
    "lat": -8.6763,
    "long": 121.7195
  },
  {
    "kabko": "KAB. FLORES TIMUR",
    "lat": -8.3131,
    "long": 122.9663
  },
  {
    "kabko": "KAB. KUPANG",
    "lat": -9.9906,
    "long": 123.8858
  },
  {
    "kabko": "KAB. LEMBATA",
    "lat": -8.4719,
    "long": 123.4832
  },
  {
    "kabko": "KAB. MALAKA",
    "lat": -9.5309,
    "long": 124.9066
  },
  {
    "kabko": "KAB. MANGGARAI",
    "lat": -8.6797,
    "long": 120.3897
  },
  {
    "kabko": "KAB. MANGGARAI BARAT",
    "lat": -8.6688,
    "long": 120.0665
  },
  {
    "kabko": "KAB. MANGGARAI TIMUR",
    "lat": -8.6207,
    "long": 120.62
  },
  {
    "kabko": "KAB. NGADA",
    "lat": -8.743,
    "long": 120.9876
  },
  {
    "kabko": "KAB. NAGEKEO",
    "lat": -8.6754,
    "long": 121.3084
  },
  {
    "kabko": "KAB. ROTE NDAO",
    "lat": -10.7386,
    "long": 123.1239
  },
  {
    "kabko": "KAB. SABU RAIJUA",
    "lat": -10.5541,
    "long": 121.8335
  },
  {
    "kabko": "KAB. SIKKA",
    "lat": -8.6766,
    "long": 122.1292
  },
  {
    "kabko": "KAB. SUMBA BARAT",
    "lat": -9.6548,
    "long": 119.3947
  },
  {
    "kabko": "KAB. SUMBA BARAT DAYA",
    "lat": -9.5391,
    "long": 119.1391
  },
  {
    "kabko": "KAB. SUMBA TENGAH",
    "lat": -9.4879,
    "long": 119.6963
  },
  {
    "kabko": "KAB. SUMBA TIMUR",
    "lat": -9.9802,
    "long": 120.3436
  },
  {
    "kabko": "KAB. TIMOR TENGAH SELATAN",
    "lat": -9.7763,
    "long": 124.4198
  },
  {
    "kabko": "KAB. TIMOR TENGAH UTARA",
    "lat": -9.4523,
    "long": 124.5971
  },
  {
    "kabko": "KOTA KUPANG",
    "lat": -10.1772,
    "long": 123.607
  },
  {
    "kabko": "KAB. BENGKAYANG",
    "lat": 1.0691,
    "long": 109.6639
  },
  {
    "kabko": "KAB. KAPUAS HULU",
    "lat": 0.8337,
    "long": 113.0012
  },
  {
    "kabko": "KAB. KAYONG UTARA",
    "lat": -0.9226,
    "long": 110.045
  },
  {
    "kabko": "KAB. KETAPANG",
    "lat": -1.5698,
    "long": 110.5215
  },
  {
    "kabko": "KAB. KUBU RAYA",
    "lat": -0.3534,
    "long": 109.4735
  },
  {
    "kabko": "KAB. LANDAK",
    "lat": 0.4237,
    "long": 109.7592
  },
  {
    "kabko": "KAB. MELAWI",
    "lat": -0.7001,
    "long": 111.6661
  },
  {
    "kabko": "KAB. MEMPAWAH",
    "lat": 0.3897,
    "long": 109.1404
  },
  {
    "kabko": "KAB. SAMBAS",
    "lat": 1.3625,
    "long": 109.2832
  },
  {
    "kabko": "KAB. SANGGAU",
    "lat": 0.14,
    "long": 110.5215
  },
  {
    "kabko": "KAB. SEKADAU",
    "lat": -0.0697,
    "long": 110.9984
  },
  {
    "kabko": "KAB. SINTANG",
    "lat": -0.1378,
    "long": 112.8106
  },
  {
    "kabko": "KOTA PONTIANAK",
    "lat": -0.0263,
    "long": 109.3425
  },
  {
    "kabko": "KOTA SINGKAWANG",
    "lat": 0.906,
    "long": 108.9872
  },
  {
    "kabko": "KAB. BALANGAN",
    "lat": -2.326,
    "long": 115.6155
  },
  {
    "kabko": "KAB. BANJAR",
    "lat": -3.32,
    "long": 114.9991
  },
  {
    "kabko": "KAB. BARITO KUALA",
    "lat": -3.0715,
    "long": 114.6668
  },
  {
    "kabko": "KAB. HULU SUNGAI SELATAN",
    "lat": -2.7663,
    "long": 115.2363
  },
  {
    "kabko": "KAB. HULU SUNGAI TENGAH",
    "lat": -2.6153,
    "long": 115.5207
  },
  {
    "kabko": "KAB. HULU SUNGAI UTARA",
    "lat": -2.4421,
    "long": 115.1889
  },
  {
    "kabko": "KAB. KOTABARU",
    "lat": -3.003,
    "long": 115.9468
  },
  {
    "kabko": "KAB. TABALONG",
    "lat": -1.8643,
    "long": 115.5681
  },
  {
    "kabko": "KAB. TANAH BUMBU",
    "lat": -3.4512,
    "long": 115.5681
  },
  {
    "kabko": "KAB. TANAH LAUT",
    "lat": -3.7694,
    "long": 114.8093
  },
  {
    "kabko": "KAB. TAPIN",
    "lat": -2.9161,
    "long": 115.0466
  },
  {
    "kabko": "KOTA BANJARBARU",
    "lat": -3.4572,
    "long": 114.8103
  },
  {
    "kabko": "KOTA BANJARMASIN",
    "lat": -3.3186,
    "long": 114.5944
  },
  {
    "kabko": "KAB. BARITO SELATAN",
    "lat": -1.8759,
    "long": 114.8093
  },
  {
    "kabko": "KAB. BARITO TIMUR",
    "lat": -2.0124,
    "long": 115.1889
  },
  {
    "kabko": "KAB. BARITO UTARA",
    "lat": -0.9587,
    "long": 115.094
  },
  {
    "kabko": "KAB. GUNUNG MAS",
    "lat": -1.2522,
    "long": 113.5729
  },
  {
    "kabko": "KAB. KAPUAS",
    "lat": -1.8116,
    "long": 114.3341
  },
  {
    "kabko": "KAB. KATINGAN",
    "lat": -0.9758,
    "long": 112.8106
  },
  {
    "kabko": "KAB. KOTAWARINGIN BARAT",
    "lat": -2.5063,
    "long": 111.7615
  },
  {
    "kabko": "KAB. KOTAWARINGIN TIMUR",
    "lat": -2.1225,
    "long": 112.8106
  },
  {
    "kabko": "KAB. LAMANDAU",
    "lat": -1.8526,
    "long": 111.2845
  },
  {
    "kabko": "KAB. MURUNG RAYA",
    "lat": -0.1362,
    "long": 114.3341
  },
  {
    "kabko": "KAB. PULANG PISAU",
    "lat": -2.685,
    "long": 113.9536
  },
  {
    "kabko": "KAB. SUKAMARA",
    "lat": -2.6268,
    "long": 111.2368
  },
  {
    "kabko": "KAB. SERUYAN",
    "lat": -3.0123,
    "long": 112.4291
  },
  {
    "kabko": "KOTA PALANGKARAYA",
    "lat": -2.2161,
    "long": 113.914
  },
  {
    "kabko": "KAB. BERAU",
    "lat": 2.0451,
    "long": 117.3616
  },
  {
    "kabko": "KAB. KUTAI BARAT",
    "lat": -0.4052,
    "long": 115.8522
  },
  {
    "kabko": "KAB. KUTAI KARTANEGARA",
    "lat": -0.1337,
    "long": 116.6082
  },
  {
    "kabko": "KAB. KUTAI TIMUR",
    "lat": 0.9434,
    "long": 116.9852
  },
  {
    "kabko": "KAB. MAHAKAM ULU",
    "lat": 0.9617,
    "long": 114.7143
  },
  {
    "kabko": "KAB. PASER",
    "lat": -1.7175,
    "long": 115.9468
  },
  {
    "kabko": "KAB. PENAJAM PASER UTARA",
    "lat": -1.2917,
    "long": 116.5138
  },
  {
    "kabko": "KOTA BALIKPAPAN",
    "lat": -1.2379,
    "long": 116.8529
  },
  {
    "kabko": "KOTA BONTANG",
    "lat": 0.1209,
    "long": 117.48
  },
  {
    "kabko": "KOTA SAMARINDA",
    "lat": -0.4948,
    "long": 117.1436
  },
  {
    "kabko": "KAB. BULUNGAN",
    "lat": 2.9042,
    "long": 116.9852
  },
  {
    "kabko": "KAB. MALINAU",
    "lat": 3.0731,
    "long": 116.0414
  },
  {
    "kabko": "KAB. NUNUKAN",
    "lat": 4.081,
    "long": 116.6082
  },
  {
    "kabko": "KAB. TANA TIDUNG",
    "lat": 3.5519,
    "long": 117.0794
  },
  {
    "kabko": "KOTA TARAKAN",
    "lat": 3.3274,
    "long": 117.5785
  },
  {
    "kabko": "KAB. BOALEMO",
    "lat": 0.7013,
    "long": 122.2654
  },
  {
    "kabko": "KAB. BONE BOLANGO",
    "lat": 0.5658,
    "long": 123.3486
  },
  {
    "kabko": "KAB. GORONTALO",
    "lat": 0.5693,
    "long": 122.8084
  },
  {
    "kabko": "KAB. GORONTALO UTARA",
    "lat": 0.9253,
    "long": 122.492
  },
  {
    "kabko": "KAB. POHUWATO",
    "lat": 0.7055,
    "long": 121.7195
  },
  {
    "kabko": "KOTA GORONTALO",
    "lat": 0.5435,
    "long": 123.0568
  },
  {
    "kabko": "KAB. BANTAENG",
    "lat": -5.5169,
    "long": 120.0203
  },
  {
    "kabko": "KAB. BARRU",
    "lat": -4.4364,
    "long": 119.6499
  },
  {
    "kabko": "KAB. BONE",
    "lat": -4.7443,
    "long": 120.0665
  },
  {
    "kabko": "KAB. BULUKUMBA",
    "lat": -5.4329,
    "long": 120.2051
  },
  {
    "kabko": "KAB. ENREKANG",
    "lat": -3.4591,
    "long": 119.8815
  },
  {
    "kabko": "KAB. GOWA",
    "lat": -5.3103,
    "long": 119.7426
  },
  {
    "kabko": "KAB. JENEPONTO",
    "lat": -5.5546,
    "long": 119.6731
  },
  {
    "kabko": "KAB. KEPULAUAN SELAYAR",
    "lat": -6.287,
    "long": 120.5049
  },
  {
    "kabko": "KAB. LUWU",
    "lat": -3.3052,
    "long": 120.2513
  },
  {
    "kabko": "KAB. LUWU TIMUR",
    "lat": -2.5826,
    "long": 121.171
  },
  {
    "kabko": "KAB. LUWU UTARA",
    "lat": -2.269,
    "long": 119.9741
  },
  {
    "kabko": "KAB. MAROS",
    "lat": -5.0549,
    "long": 119.6963
  },
  {
    "kabko": "KAB. PANGKAJENE DAN KEPULAUAN",
    "lat": -4.805,
    "long": 119.5572
  },
  {
    "kabko": "KAB. PINRANG",
    "lat": -3.6483,
    "long": 119.5572
  },
  {
    "kabko": "KAB. SIDENRENG RAPPANG",
    "lat": -3.7739,
    "long": 120.0203
  },
  {
    "kabko": "KAB. SINJAI",
    "lat": -5.2172,
    "long": 120.1127
  },
  {
    "kabko": "KAB. SOPPENG",
    "lat": -4.3519,
    "long": 119.9278
  },
  {
    "kabko": "KAB. TAKALAR",
    "lat": -5.4162,
    "long": 119.4876
  },
  {
    "kabko": "KAB. TANA TORAJA",
    "lat": -3.0753,
    "long": 119.7426
  },
  {
    "kabko": "KAB. TORAJA UTARA",
    "lat": -2.8622,
    "long": 119.8352
  },
  {
    "kabko": "KAB. WAJO",
    "lat": -4.0222,
    "long": 120.0665
  },
  {
    "kabko": "KOTA MAKASSAR",
    "lat": -5.1477,
    "long": 119.4327
  },
  {
    "kabko": "KOTA PALOPO",
    "lat": -3.0016,
    "long": 120.1985
  },
  {
    "kabko": "KOTA PAREPARE",
    "lat": -4.0096,
    "long": 119.6291
  },
  {
    "kabko": "KAB. BOMBANA",
    "lat": -4.6543,
    "long": 121.9018
  },
  {
    "kabko": "KAB. BUTON",
    "lat": -5.3096,
    "long": 122.9888
  },
  {
    "kabko": "KAB. BUTON SELATAN",
    "lat": -5.3096,
    "long": 122.9888
  },
  {
    "kabko": "KAB. BUTON TENGAH",
    "lat": -5.3891,
    "long": 122.5599
  },
  {
    "kabko": "KAB. BUTON UTARA",
    "lat": -4.7023,
    "long": 123.0339
  },
  {
    "kabko": "KAB. KOLAKA",
    "lat": -3.9947,
    "long": 121.5827
  },
  {
    "kabko": "KAB. KOLAKA TIMUR",
    "lat": -4.2279,
    "long": 121.9018
  },
  {
    "kabko": "KAB. KOLAKA UTARA",
    "lat": -3.1347,
    "long": 121.171
  },
  {
    "kabko": "KAB. KONAWE",
    "lat": -3.938,
    "long": 122.0837
  },
  {
    "kabko": "KAB. KONAWE KEPULAUAN",
    "lat": -4.1361,
    "long": 123.1239
  },
  {
    "kabko": "KAB. KONAWE SELATAN",
    "lat": -4.2028,
    "long": 122.4467
  },
  {
    "kabko": "KAB. KONAWE UTARA",
    "lat": -3.3803,
    "long": 122.0837
  },
  {
    "kabko": "KAB. MUNA",
    "lat": -4.9016,
    "long": 122.6277
  },
  {
    "kabko": "KAB. MUNA BARAT",
    "lat": -4.9016,
    "long": 122.6277
  },
  {
    "kabko": "KAB. WAKATOBI",
    "lat": -5.6504,
    "long": 123.8902
  },
  {
    "kabko": "KOTA BAU-BAU",
    "lat": -5.5071,
    "long": 122.5969
  },
  {
    "kabko": "KOTA KENDARI",
    "lat": -3.9985,
    "long": 122.513
  },
  {
    "kabko": "KAB. BANGGAI",
    "lat": -0.9562,
    "long": 122.6277
  },
  {
    "kabko": "KAB. BANGGAI KEPULAUAN",
    "lat": -0.9562,
    "long": 122.6277
  },
  {
    "kabko": "KAB. BANGGAI LAUT",
    "lat": -1.6735,
    "long": 123.5504
  },
  {
    "kabko": "KAB. BUOL",
    "lat": 0.9695,
    "long": 121.3542
  },
  {
    "kabko": "KAB. DONGGALA",
    "lat": -0.4233,
    "long": 119.8352
  },
  {
    "kabko": "KAB. MOROWALI",
    "lat": -2.6987,
    "long": 121.9018
  },
  {
    "kabko": "KAB. MOROWALI UTARA",
    "lat": -1.6312,
    "long": 121.3542
  },
  {
    "kabko": "KAB. PARIGI MOUTONG",
    "lat": 0.5818,
    "long": 120.8039
  },
  {
    "kabko": "KAB. POSO",
    "lat": -1.6469,
    "long": 120.4358
  },
  {
    "kabko": "KAB. SIGI",
    "lat": -1.386,
    "long": 119.8815
  },
  {
    "kabko": "KAB. TOJO UNA-UNA",
    "lat": -1.0988,
    "long": 121.537
  },
  {
    "kabko": "KAB. TOLI-TOLI",
    "lat": 0.8768,
    "long": 120.758
  },
  {
    "kabko": "KOTA PALU",
    "lat": -0.9003,
    "long": 119.878
  },
  {
    "kabko": "KAB. BOLAANG MONGONDOW",
    "lat": 0.6871,
    "long": 124.0641
  },
  {
    "kabko": "KAB. BOLAANG MONGONDOW SELATAN",
    "lat": 0.4053,
    "long": 123.8411
  },
  {
    "kabko": "KAB. BOLAANG MONGONDOW TIMUR",
    "lat": 0.7153,
    "long": 124.4642
  },
  {
    "kabko": "KAB. BOLAANG MONGONDOW UTARA",
    "lat": 0.907,
    "long": 123.2657
  },
  {
    "kabko": "KAB. KEPULAUAN SANGIHE",
    "lat": 3.6329,
    "long": 125.5001
  },
  {
    "kabko": "KAB. KEPULAUAN SIAU TAGULANDANG BIARO",
    "lat": 2.346,
    "long": 125.4124
  },
  {
    "kabko": "KAB. KEPULAUAN TALAUD",
    "lat": 4.3067,
    "long": 126.8035
  },
  {
    "kabko": "KAB. MINAHASA",
    "lat": 1.2169,
    "long": 124.8183
  },
  {
    "kabko": "KAB. MINAHASA SELATAN",
    "lat": 1.0947,
    "long": 124.4642
  },
  {
    "kabko": "KAB. MINAHASA TENGGARA",
    "lat": 1.0279,
    "long": 124.7299
  },
  {
    "kabko": "KAB. MINAHASA UTARA",
    "lat": 1.5328,
    "long": 124.9948
  },
  {
    "kabko": "KOTA BITUNG",
    "lat": 1.4404,
    "long": 125.1217
  },
  {
    "kabko": "KOTA KOTAMOBAGU",
    "lat": 0.7244,
    "long": 124.3199
  },
  {
    "kabko": "KOTA MANADO",
    "lat": 1.4748,
    "long": 124.8421
  },
  {
    "kabko": "KOTA TOMOHON",
    "lat": 1.3229,
    "long": 124.8405
  },
  {
    "kabko": "KAB. MAJENE",
    "lat": -3.0297,
    "long": 118.9063
  },
  {
    "kabko": "KAB. MAMASA",
    "lat": -2.9118,
    "long": 119.325
  },
  {
    "kabko": "KAB. MAMUJU",
    "lat": -2.492,
    "long": 119.325
  },
  {
    "kabko": "KAB. MAMUJU TENGAH",
    "lat": -1.9354,
    "long": 119.5108
  },
  {
    "kabko": "KAB. MAMUJU UTARA",
    "lat": -1.5265,
    "long": 119.5108
  },
  {
    "kabko": "KAB. POLEWALI MANDAR",
    "lat": -3.3419,
    "long": 119.1391
  },
  {
    "kabko": "KAB. BURU",
    "lat": -3.3307,
    "long": 126.6957
  },
  {
    "kabko": "KAB. BURU SELATAN",
    "lat": -3.7274,
    "long": 126.6957
  },
  {
    "kabko": "KAB. KEPULAUAN ARU",
    "lat": -6.1947,
    "long": 134.5502
  },
  {
    "kabko": "KAB. MALUKU BARAT DAYA",
    "lat": -7.7852,
    "long": 126.3498
  },
  {
    "kabko": "KAB. MALUKU TENGAH",
    "lat": -3.0167,
    "long": 129.4864
  },
  {
    "kabko": "KAB. MALUKU TENGGARA",
    "lat": -5.7512,
    "long": 132.7272
  },
  {
    "kabko": "KAB. MALUKU TENGGARA BARAT",
    "lat": -7.5323,
    "long": 131.3611
  },
  {
    "kabko": "KAB. SERAM BAGIAN BARAT",
    "lat": -3.1272,
    "long": 128.4008
  },
  {
    "kabko": "KAB. SERAM BAGIAN TIMUR",
    "lat": -3.4233,
    "long": 130.2271
  },
  {
    "kabko": "KOTA AMBON",
    "lat": -3.6554,
    "long": 128.1908
  },
  {
    "kabko": "KOTA TUAL",
    "lat": -5.6266,
    "long": 132.7521
  },
  {
    "kabko": "KAB. HALMAHERA BARAT",
    "lat": 1.359,
    "long": 127.5961
  },
  {
    "kabko": "KAB. HALMAHERA TENGAH",
    "lat": 0.442,
    "long": 128.3587
  },
  {
    "kabko": "KAB. HALMAHERA UTARA",
    "lat": 1.5074,
    "long": 127.8937
  },
  {
    "kabko": "KAB. HALMAHERA SELATAN",
    "lat": -1.5109,
    "long": 127.7238
  },
  {
    "kabko": "KAB. KEPULAUAN SULA",
    "lat": -1.8456,
    "long": 125.3431
  },
  {
    "kabko": "KAB. HALMAHERA TIMUR",
    "lat": 1.3121,
    "long": 128.485
  },
  {
    "kabko": "KAB. PULAU MOROTAI",
    "lat": 2.3657,
    "long": 128.4008
  },
  {
    "kabko": "KAB. PULAU TALIABU",
    "lat": -1.8268,
    "long": 124.7741
  },
  {
    "kabko": "KOTA TERNATE",
    "lat": 0.771,
    "long": 127.3695
  },
  {
    "kabko": "KOTA TIDORE KEPULAUAN",
    "lat": 0.674,
    "long": 127.4041
  },
  {
    "kabko": "KAB. ASMAT",
    "lat": -5.0574,
    "long": 138.3988
  },
  {
    "kabko": "KAB. BIAK NUMFOR",
    "lat": -1.0381,
    "long": 135.9801
  },
  {
    "kabko": "KAB. BOVEN DIGOEL",
    "lat": -5.74,
    "long": 140.3482
  },
  {
    "kabko": "KAB. DEIYAI",
    "lat": -4.0975,
    "long": 136.4393
  },
  {
    "kabko": "KAB. DOGIYAI",
    "lat": -4.0454,
    "long": 135.6763
  },
  {
    "kabko": "KAB. INTAN JAYA",
    "lat": -3.5076,
    "long": 136.7478
  },
  {
    "kabko": "KAB. JAYAPURA",
    "lat": -2.9879,
    "long": 139.8547
  },
  {
    "kabko": "KAB. JAYAWIJAYA",
    "lat": -4.0004,
    "long": 138.7995
  },
  {
    "kabko": "KAB. KEEROM",
    "lat": -3.345,
    "long": 140.7624
  },
  {
    "kabko": "KAB. KEPULAUAN YAPEN",
    "lat": -1.7469,
    "long": 136.1709
  },
  {
    "kabko": "KAB. LANNY JAYA",
    "lat": -3.971,
    "long": 138.319
  },
  {
    "kabko": "KAB. MAMBERAMO RAYA",
    "lat": -2.5331,
    "long": 137.7638
  },
  {
    "kabko": "KAB. MAMBERAMO TENGAH",
    "lat": -2.3746,
    "long": 138.319
  },
  {
    "kabko": "KAB. MAPPI",
    "lat": -6.7606,
    "long": 139.6911
  },
  {
    "kabko": "KAB. MERAUKE",
    "lat": -7.7838,
    "long": 139.0413
  },
  {
    "kabko": "KAB. MIMIKA",
    "lat": -4.4553,
    "long": 137.1362
  },
  {
    "kabko": "KAB. NABIRE",
    "lat": -3.5095,
    "long": 135.7521
  },
  {
    "kabko": "KAB. NDUGA",
    "lat": -4.4069,
    "long": 138.2394
  },
  {
    "kabko": "KAB. PANIAI",
    "lat": -3.7876,
    "long": 136.3625
  },
  {
    "kabko": "KAB. PEGUNUNGAN BINTANG",
    "lat": -4.559,
    "long": 140.5136
  },
  {
    "kabko": "KAB. PUNCAK",
    "lat": -3.8649,
    "long": 137.6062
  },
  {
    "kabko": "KAB. PUNCAK JAYA",
    "lat": -3.4468,
    "long": 137.8427
  },
  {
    "kabko": "KAB. SARMI",
    "lat": -2.4678,
    "long": 139.2031
  },
  {
    "kabko": "KAB. SUPIORI",
    "lat": -0.7295,
    "long": 135.6385
  },
  {
    "kabko": "KAB. TOLIKARA",
    "lat": -3.4811,
    "long": 138.4787
  },
  {
    "kabko": "KAB. WAROPEN",
    "lat": -1.7469,
    "long": 136.1709
  },
  {
    "kabko": "KAB. YAHUKIMO",
    "lat": -4.494,
    "long": 139.528
  },
  {
    "kabko": "KAB. YALIMO",
    "lat": -3.7853,
    "long": 139.4466
  },
  {
    "kabko": "KOTA JAYAPURA",
    "lat": -2.5916,
    "long": 140.669
  },
  {
    "kabko": "KAB. YAPEN WAROPEN",
    "lat": -1.7469,
    "long": 136.1709
  },
  {
    "kabko": "KAB. FAKFAK",
    "lat": -3.0977,
    "long": 133.0195
  },
  {
    "kabko": "KAB. KAIMANA",
    "lat": -3.2884,
    "long": 133.9437
  },
  {
    "kabko": "KAB. MANOKWARI",
    "lat": -0.999,
    "long": 133.0195
  },
  {
    "kabko": "KAB. MANOKWARI SELATAN",
    "lat": -0.999,
    "long": 133.0195
  },
  {
    "kabko": "KAB. MAYBRAT",
    "lat": -1.2971,
    "long": 132.3151
  },
  {
    "kabko": "KAB. PEGUNUNGAN ARFAK",
    "lat": -1.1555,
    "long": 133.7142
  },
  {
    "kabko": "KAB. RAJA AMPAT",
    "lat": -1.0915,
    "long": 130.8779
  },
  {
    "kabko": "KAB. SORONG",
    "lat": -1.1223,
    "long": 131.4883
  },
  {
    "kabko": "KAB. SORONG SELATAN",
    "lat": -1.7658,
    "long": 132.1573
  },
  {
    "kabko": "KAB. TAMBRAUW",
    "lat": -0.7819,
    "long": 132.3938
  },
  {
    "kabko": "KAB. TELUK BINTUNI",
    "lat": -1.9057,
    "long": 133.3295
  },
  {
    "kabko": "KAB. TELUK WONDAMA",
    "lat": -2.8552,
    "long": 134.3237
  },
  {
    "kabko": "KOTA SORONG",
    "lat": -0.8762,
    "long": 131.2558
  }
]
